brand,code,source_url,region,method,found_at
cafeappliances,EXTRA150,https://cafediscount.valuecom.com/,us,html_json,2026-08-23 08:02:50
cafeappliances,EXTRA100,https://cafediscount.valuecom.com/,us,html_json,2026-08-23 08:02:50
cafeappliances,SAVE100,https://cafediscount.valuecom.com/,us,html_json,2026-08-23 08:02:50
cafeappliances,WELCOMEBFEXTRA20,https://cafediscount.valuecom.com/,us,html_json,2026-08-23 08:02:50
cafeappliances,AUG26,https://cafediscount.valuecom.com/,us,html_json,2026-08-23 08:02:50
cafeappliances,SUMMER26,https://cafediscount.valuecom.com/,us,html_json,2026-08-23 08:02:50
cafeappliances,C9FX2,https://cafediscount.valuecom.com/,us,html_json,2026-08-23 08:02:50
cafeappliances,WELCOMECOUNTER10,https://cafediscount.valuecom.com/,us,html_json,2026-08-23 08:02:50
cafeappliances,WELCOME10,https://cafediscount.valuecom.com/,us,html_json,2026-08-23 08:02:50
cafeappliances,WELCOMEMWO10,https://cafediscount.valuecom.com/,us,html_json,2026-08-23 08:02:50
cafeappliances,WELCOMEBEV10,https://cafediscount.valuecom.com/,us,html_json,2026-08-23 08:02:50
cafeappliances,ENJOY10,https://cafediscount.valuecom.com/,us,html_json,2026-08-23 08:02:50
cafeappliances,COFFEE20,https://cafediscount.valuecom.com/,us,html_json,2026-08-23 08:02:50
cafeappliances,EXTRA30,https://cafediscount.valuecom.com/,us,html_json,2026-08-23 08:02:50
cafeappliances,EXTRA20,https://cafediscount.valuecom.com/,us,html_json,2026-08-23 08:02:50
cafeappliances,SAVE10,https://cafediscount.valuecom.com/,us,html_json,2026-08-23 08:02:50
cafeappliances,A2F6E1FAEF4F7EB3,https://cafeappliances.worthepenny.com/coupon/,us,text,2026-08-23 08:03:21
cafeappliances,AM-9,https://www.cafeappliances.com/offers/express-yourself-appliance-rebate/,us,text,2026-08-23 08:04:09
cafeappliances,AM-5,https://www.cafeappliances.com/offers/express-yourself-appliance-rebate/,us,text,2026-08-23 08:04:09
dyson,GEN5DETECT,https://www.wired.com/story/dyson-cordless-vacuum-promo-code/,us,text,2026-08-23 08:06:04
dyson,CO-ANDA2X,https://www.wired.com/story/dyson-cordless-vacuum-promo-code/,us,text,2026-08-23 08:06:04
dyson,AM07,https://www.wired.com/story/dyson-cordless-vacuum-promo-code/,us,text,2026-08-23 08:06:04
dyson,GEN5,https://couponfollow.com/site/dyson.com,us,text,2026-08-23 08:06:21
dyson,SYSTEM1,https://couponfollow.com/site/dyson.com,us,text,2026-08-23 08:06:21
dyson,GTM-WWBWRXL,https://www.homesandgardens.com/coupons/dyson,us,html_json,2026-08-23 08:06:38
dyson,EXTRA10,https://www.marieclaire.com.au/discount-codes/dyson.com.au/,us,text,2026-08-23 08:06:53
dyson,SAVE100,https://www.marieclaire.com.au/discount-codes/dyson.com.au/,us,text,2026-08-23 08:06:53
dyson,EXTRA30,https://www.marieclaire.com.au/discount-codes/dyson.com.au/,us,text,2026-08-23 08:06:54
dyson,EXTRA20,https://www.marieclaire.com.au/discount-codes/dyson.com.au/,us,text,2026-08-23 08:06:54
dyson,XTP-X,https://www.techradar.com/coupons/dyson,us,html_json,2026-08-23 08:07:14
dyson,GEN5OUTSIZE,https://www.latimes.com/deals/story/dyson-promo-code,us,text,2026-08-23 08:07:39
dyson,BT_0000CGBO,https://www.dyson.com/deals,us,html_attr,2026-08-23 08:08:12
dyson,BT_0000AF1C,https://www.dyson.com/deals,us,html_attr,2026-08-23 08:08:12
dyson,BP04,https://www.dyson.com/deals,us,text,2026-08-23 08:08:12
dyson,YOU2,https://www.dyson.com/deals,us,text,2026-08-23 08:08:12
dyson,YOU1,https://www.dyson.com/deals,us,text,2026-08-23 08:08:12
dyson,GASES2,https://www.dyson.com/deals,us,text,2026-08-23 08:08:12
dyson,FORMALDEHYDE3,https://www.dyson.com/deals,us,text,2026-08-23 08:08:12
dyson,F558,https://www.dyson.com/deals,us,text,2026-08-23 08:08:12
dyson,F608-18,https://www.dyson.com/deals,us,text,2026-08-23 08:08:12
nike,REJUVEN8,https://www.groupon.com/coupons/nike?srsltid=AfmBOoplv7o2mZZdcfIImsfAfFSJj1wu39qlMhit8ywF8B20uIwAxXma,us,text,2026-08-23 08:10:07
nike,ON-1,https://www.groupon.com/coupons/nike?srsltid=AfmBOoplv7o2mZZdcfIImsfAfFSJj1wu39qlMhit8ywF8B20uIwAxXma,us,text,2026-08-23 08:10:07
nike,K-12,https://www.cntraveler.com/story/nike-promo-code,us,text,2026-08-23 08:10:40
nike,APP15,https://www.wired.com/story/nike-promo-code/,us,text,2026-08-23 08:10:58
nike,SYSTEM1,https://couponfollow.com/site/nike.com,us,text,2026-08-23 08:11:11
cafeappliances,TAP1,https://appliancesdirect.promopro.co.uk/?search=cafeappliances,uk,text,2026-09-04 01:51:45
cafeappliances,AEG2,https://appliancesdirect.promopro.co.uk/?search=cafeappliances,uk,text,2026-09-04 01:51:45
cafeappliances,K4P8,https://appliancesdirect.promopro.co.uk/?search=cafeappliances,uk,text,2026-09-04 01:51:45
cafeappliances,TAP10,https://appliancesdirect.promopro.co.uk/?search=cafeappliances,uk,text,2026-09-04 01:51:45
cafeappliances,DISH40,https://appliancesdirect.promopro.co.uk/?search=cafeappliances,uk,text,2026-09-04 01:51:45
cafeappliances,AEG200,https://appliancesdirect.promopro.co.uk/?search=cafeappliances,uk,text,2026-09-04 01:51:45
cafeappliances,K4P8M2Q7XZ,https://appliancesdirect.promopro.co.uk/?search=cafeappliances,uk,text,2026-09-04 01:51:45
cafeappliances,SMEG300,https://appliancesdirect.promopro.co.uk/?search=cafeappliances,uk,text,2026-09-04 01:51:45
cafeappliances,SAMSUNGTV15,https://appliancesdirect.promopro.co.uk/?search=cafeappliances,uk,text,2026-09-04 01:51:45
cafeappliances,TCLTV-10,https://appliancesdirect.promopro.co.uk/?search=cafeappliances,uk,text,2026-09-04 01:51:45
cafeappliances,SAMSUNGTV10,https://appliancesdirect.promopro.co.uk/?search=cafeappliances,uk,text,2026-09-04 01:51:45
cafeappliances,CDA-40,https://appliancesdirect.promopro.co.uk/?search=cafeappliances,uk,text,2026-09-04 01:51:45
cafeappliances,HISENSE15,https://appliancesdirect.promopro.co.uk/?search=cafeappliances,uk,text,2026-09-04 01:51:45
cafeappliances,SMEG-100,https://appliancesdirect.promopro.co.uk/?search=cafeappliances,uk,text,2026-09-04 01:51:45
cafeappliances,CRF20,https://appliancesdirect.promopro.co.uk/?search=cafeappliances,uk,text,2026-09-04 01:51:45
cafeappliances,SURPRISE10-1606,https://appliancesdirect.promopro.co.uk/?search=cafeappliances,uk,text,2026-09-04 01:51:45
cafeappliances,RANGE100,https://appliancesdirect.promopro.co.uk/?search=cafeappliances,uk,text,2026-09-04 01:51:45
cafeappliances,ENG10,https://appliancesdirect.promopro.co.uk/?search=cafeappliances,uk,text,2026-09-04 01:51:45
cafeappliances,SMEG100,https://appliancesdirect.promopro.co.uk/?search=cafeappliances,uk,text,2026-09-04 01:51:45
cafeappliances,HISENSE30,https://appliancesdirect.promopro.co.uk/?search=cafeappliances,uk,text,2026-09-04 01:51:45
cafeappliances,REF30,https://appliancesdirect.promopro.co.uk/?search=cafeappliances,uk,text,2026-09-04 01:51:45
cafeappliances,STEP1,https://appliancesdirect.promopro.co.uk/?search=cafeappliances,uk,text,2026-09-04 01:51:45
cafeappliances,STEP2,https://appliancesdirect.promopro.co.uk/?search=cafeappliances,uk,text,2026-09-04 01:51:45
cafeappliances,STEP3,https://appliancesdirect.promopro.co.uk/?search=cafeappliances,uk,text,2026-09-04 01:51:45
cafeappliances,STEP4,https://appliancesdirect.promopro.co.uk/?search=cafeappliances,uk,text,2026-09-04 01:51:45
