brand,region,search_page,url
cafeappliances,us,1,https://www.cafeappliances.com/professional-discounts
cafeappliances,us,1,https://cafediscount.valuecom.com/
cafeappliances,us,1,https://simplycodes.com/store/cafeappliances.com
cafeappliances,us,1,https://www.cafeappliances.com/general-promotion-details
cafeappliances,us,1,https://cafeappliances.worthepenny.com/coupon/
cafeappliances,us,1,https://www.retailmenot.com/view/cafeappliances.com
cafeappliances,us,1,https://www.cafeappliances.com/offers
cafeappliances,us,1,https://www.rakuten.com/shop/cafeappliances
cafeappliances,us,1,https://www.reddit.com/r/Appliances/comments/1c09gak/ge_cafe/
cafeappliances,us,1,https://price.com/stores/cafeappliances
cafeappliances,us,2,https://price.com/stores/cafeappliances
cafeappliances,us,2,https://www.cafeappliances.com/offers/express-yourself-appliance-rebate/
cafeappliances,us,2,https://www.savings.com/coupons/cafeappliances.com
cafeappliances,us,2,https://www.dontpayfull.com/at/cafeappliances.com
cafeappliances,us,2,https://shopping.mileageplus.com/me____.htm?gmid=7064
cafeappliances,us,2,https://www.cafeappliances.com/appliances/cafe-appliances-sale/?page=3
cafeappliances,us,2,https://cafe-appliances.tenereteam.com/coupons
cafeappliances,us,2,https://www.cafeappliances.com/support/manuals-literature
cafeappliances,us,2,https://www.groupon.com/coupons/categories/appliances?srsltid=AfmBOootZwA3N0vnzkJREgNsVbIACXNfEffbJEM15NU1LNvbqaC08Z1w
cafeappliances,us,2,https://cafeappliances.ca/en_CA/offers
cafeappliances,us,1,https://www.cafeappliances.com/professional-discounts
cafeappliances,us,1,https://simplycodes.com/store/cafeappliances.com
cafeappliances,us,1,https://cafediscount.valuecom.com/
cafeappliances,us,1,https://www.cafeappliances.com/offers
cafeappliances,us,1,https://cafeappliances.worthepenny.com/coupon/
cafeappliances,us,1,https://www.cafeappliances.com/general-promotion-details
cafeappliances,us,1,https://www.retailmenot.com/view/cafeappliances.com
cafeappliances,us,1,https://www.rakuten.com/shop/cafeappliances
cafeappliances,us,1,https://www.cafeappliances.com/support/model-serial-finder
cafeappliances,us,1,https://www.cafeappliances.com/appliances/cafe-appliances-sale/?page=3
cafeappliances,us,2,https://www.cafeappliances.com/appliances/cafe-appliances-sale/?page=3
cafeappliances,us,2,https://price.com/stores/cafeappliances
cafeappliances,us,2,https://www.reddit.com/r/Appliances/comments/1c09gak/ge_cafe/
cafeappliances,us,2,https://www.savings.com/coupons/cafeappliances.com
cafeappliances,us,2,https://www.dontpayfull.com/at/cafeappliances.com
cafeappliances,us,2,https://shopping.mileageplus.com/me____.htm?gmid=7064
cafeappliances,us,2,https://www.cafeappliances.com/offers/express-yourself-appliance-rebate/
cafeappliances,us,2,https://cafe-appliances.tenereteam.com/coupons
cafeappliances,us,2,https://cafeappliances.ca/en_CA/offers
cafeappliances,us,2,https://www.cafeappliances.com/support/manuals-literature
dyson,us,1,https://www.wired.com/story/dyson-cordless-vacuum-promo-code/
dyson,us,1,https://couponfollow.com/site/dyson.com
dyson,us,1,https://www.rakuten.com/shop/dyson
dyson,us,1,https://mall.usaa.com/me____.htm?gmid=3350
dyson,us,1,https://www.reddit.com/r/Dysonairwrap/comments/1nhqaiy/dyson_website_and_the_discount_codes/
dyson,us,1,https://www.homesandgardens.com/coupons/dyson
dyson,us,1,https://www.dyson.com/owner-rewards/select-your-machine
dyson,us,1,https://www.paypal.com/shopping/store/dyson
dyson,us,1,https://www.marieclaire.com.au/discount-codes/dyson.com.au/
dyson,us,2,https://www.wethrift.com/dyson
dyson,us,2,https://www.techradar.com/coupons/dyson
dyson,us,2,https://www.facebook.com/fb-answers/dyson-coupon-codes/
dyson,us,2,https://www.groupon.com/coupons/dyson?srsltid=AfmBOooOGUa8e2r8gsKYyMoHldKUad-W25Ih1mQ26Dpd0ItkgJqRrmEq
dyson,us,2,https://www.youtube.com/watch?v=2UwFMuv3PBw
dyson,us,2,https://www.latimes.com/deals/story/dyson-promo-code
dyson,us,2,https://shop.id.me/stores/4035-dyson
dyson,us,2,https://www.retailmenot.com/view/dyson.com
dyson,us,2,https://www.dyson.com/deals
dyson,us,2,https://www.usatoday.com/deals/dyson
dyson,us,1,https://couponfollow.com/site/dyson.com
dyson,us,1,https://www.wired.com/story/dyson-cordless-vacuum-promo-code/
dyson,us,1,https://www.reddit.com/r/Dysonairwrap/comments/1nhqaiy/dyson_website_and_the_discount_codes/
dyson,us,1,https://www.myunidays.com/AU/en-AU/partners/dyson/view
dyson,us,1,https://www.dyson.com/owner-rewards/select-your-machine
dyson,us,1,https://www.paypal.com/shopping/store/dyson
dyson,us,1,https://www.rakuten.com/shop/dyson
dyson,us,1,https://mall.usaa.com/me____.htm?gmid=3350
dyson,us,1,https://www.marieclaire.com.au/discount-codes/dyson.com.au/
dyson,us,2,https://www.wethrift.com/dyson
dyson,us,2,https://www.techradar.com/coupons/dyson
dyson,us,2,https://shop.id.me/stores/4035-dyson
dyson,us,2,https://www.latimes.com/deals/story/dyson-promo-code
dyson,us,2,https://www.retailmenot.com/view/dyson.com
dyson,us,2,https://www.the-independent.com/deals/dyson-discount-code-b2700880.html
dyson,us,2,https://www.groupon.com/coupons/dyson?srsltid=AfmBOopHd4dBX99RCzqwnYy_6kb4qPdv1HJsJkLqBNYLO2G3JjffuEdi
dyson,us,2,https://www.youtube.com/watch?v=vbDTN4nKBYI&vl=en-US
dyson,us,2,https://www.whowhatwear.com/promo-codes/dyson
dyson,us,2,https://www.usatoday.com/deals/dyson
cafeappliances,us,1,https://www.cafeappliances.com/professional-discounts
cafeappliances,us,1,https://cafediscount.valuecom.com/
cafeappliances,us,1,https://simplycodes.com/store/cafeappliances.com
cafeappliances,us,1,https://www.cafeappliances.com/general-promotion-details
cafeappliances,us,1,https://cafeappliances.worthepenny.com/coupon/
cafeappliances,us,1,https://www.retailmenot.com/view/cafeappliances.com
cafeappliances,us,1,https://www.cafeappliances.com/offers
cafeappliances,us,1,https://www.rakuten.com/shop/cafeappliances
cafeappliances,us,1,https://www.reddit.com/r/Appliances/comments/1c09gak/ge_cafe/
cafeappliances,us,1,https://price.com/stores/cafeappliances
cafeappliances,us,2,https://price.com/stores/cafeappliances
cafeappliances,us,2,https://www.cafeappliances.com/offers/express-yourself-appliance-rebate/
cafeappliances,us,2,https://www.savings.com/coupons/cafeappliances.com
cafeappliances,us,2,https://www.dontpayfull.com/at/cafeappliances.com
cafeappliances,us,2,https://shopping.mileageplus.com/me____.htm?gmid=7064
cafeappliances,us,2,https://www.cafeappliances.com/appliances/cafe-appliances-sale/?page=3
cafeappliances,us,2,https://cafe-appliances.tenereteam.com/coupons
cafeappliances,us,2,https://www.cafeappliances.com/support/manuals-literature
cafeappliances,us,2,https://www.groupon.com/coupons/categories/appliances?srsltid=AfmBOoq83jcAhwVsbZoy2h3TGRK4nPrR4zq_xGiyoTluDodUeUciS5GN
cafeappliances,us,2,https://cafeappliances.ca/en_CA/offers
cafeappliances,us,1,https://www.cafeappliances.com/professional-discounts
cafeappliances,us,1,https://simplycodes.com/store/cafeappliances.com
cafeappliances,us,1,https://cafediscount.valuecom.com/
cafeappliances,us,1,https://www.cafeappliances.com/offers
cafeappliances,us,1,https://cafeappliances.worthepenny.com/coupon/
cafeappliances,us,1,https://www.cafeappliances.com/general-promotion-details
cafeappliances,us,1,https://www.retailmenot.com/view/cafeappliances.com
cafeappliances,us,1,https://www.rakuten.com/shop/cafeappliances
cafeappliances,us,1,https://www.cafeappliances.com/support/model-serial-finder
cafeappliances,us,1,https://price.com/stores/cafeappliances
cafeappliances,us,2,https://www.cafeappliances.com/appliances/cafe-appliances-sale/?page=3
cafeappliances,us,2,https://price.com/stores/cafeappliances
cafeappliances,us,2,https://www.reddit.com/r/Appliances/comments/1c09gak/ge_cafe/
cafeappliances,us,2,https://www.savings.com/coupons/cafeappliances.com
cafeappliances,us,2,https://www.dontpayfull.com/at/cafeappliances.com
cafeappliances,us,2,https://shopping.mileageplus.com/me____.htm?gmid=7064
cafeappliances,us,2,https://www.cafeappliances.com/offers/express-yourself-appliance-rebate/
cafeappliances,us,2,https://cafe-appliances.tenereteam.com/coupons
cafeappliances,us,2,https://cafeappliances.ca/en_CA/offers
cafeappliances,us,2,https://www.cafeappliances.com/support/manuals-literature
dyson,us,1,https://www.wired.com/story/dyson-cordless-vacuum-promo-code/
dyson,us,1,https://couponfollow.com/site/dyson.com
dyson,us,1,https://www.rakuten.com/shop/dyson
dyson,us,1,https://mall.usaa.com/me____.htm?gmid=3350
dyson,us,1,https://www.reddit.com/r/Dysonairwrap/comments/1nhqaiy/dyson_website_and_the_discount_codes/
dyson,us,1,https://www.homesandgardens.com/coupons/dyson
dyson,us,1,https://www.paypal.com/shopping/store/dyson
dyson,us,1,https://www.dyson.com/owner-rewards/select-your-machine
dyson,us,1,https://www.marieclaire.com.au/discount-codes/dyson.com.au/
dyson,us,2,https://www.wethrift.com/dyson
dyson,us,2,https://www.techradar.com/coupons/dyson
dyson,us,2,https://www.facebook.com/fb-answers/dyson-coupon-codes/
dyson,us,2,https://www.groupon.com/coupons/dyson?srsltid=AfmBOophupAxo2VD9vIvf1laGRGzVzErUJR7Q6aMglem8mGISCImvRFP
dyson,us,2,https://www.youtube.com/watch?v=2UwFMuv3PBw
dyson,us,2,https://www.latimes.com/deals/story/dyson-promo-code
dyson,us,2,https://www.retailmenot.com/view/dyson.com
dyson,us,2,https://shop.id.me/stores/4035-dyson
dyson,us,2,https://dyson.promocode.ninja/
dyson,us,2,https://www.forbes.com/sites/forbes-personal-shopper/article/dyson-coupons/
dyson,us,1,https://couponfollow.com/site/dyson.com
dyson,us,1,https://www.wired.com/story/dyson-cordless-vacuum-promo-code/
dyson,us,1,https://www.reddit.com/r/Dysonairwrap/comments/1nhqaiy/dyson_website_and_the_discount_codes/
dyson,us,1,https://www.myunidays.com/AU/en-AU/partners/dyson/view
dyson,us,1,https://www.dyson.com/owner-rewards/select-your-machine
dyson,us,1,https://www.paypal.com/shopping/store/dyson
dyson,us,1,https://www.rakuten.com/shop/dyson
dyson,us,1,https://mall.usaa.com/me____.htm?gmid=3350
dyson,us,1,https://www.marieclaire.com.au/discount-codes/dyson.com.au/
dyson,us,2,https://www.wethrift.com/dyson
dyson,us,2,https://www.techradar.com/coupons/dyson
dyson,us,2,https://shop.id.me/stores/4035-dyson
dyson,us,2,https://www.latimes.com/deals/story/dyson-promo-code
dyson,us,2,https://www.retailmenot.com/view/dyson.com
dyson,us,2,https://www.the-independent.com/deals/dyson-discount-code-b2700880.html
dyson,us,2,https://www.groupon.com/coupons/dyson?srsltid=AfmBOoq83cF9zUhA9Xw7M7zSh7-rKROA_ZbdOAVqnz4f4I0AcWPd5rx5
dyson,us,2,https://www.youtube.com/watch?v=vbDTN4nKBYI&vl=en-US
dyson,us,2,https://www.whowhatwear.com/promo-codes/dyson
dyson,us,2,https://www.usatoday.com/deals/dyson
cafeappliances,us,1,https://www.cafeappliances.com/professional-discounts
cafeappliances,us,1,https://cafediscount.valuecom.com/
cafeappliances,us,1,https://simplycodes.com/store/cafeappliances.com
cafeappliances,us,1,https://www.cafeappliances.com/general-promotion-details
cafeappliances,us,1,https://cafeappliances.worthepenny.com/coupon/
cafeappliances,us,1,https://www.retailmenot.com/view/cafeappliances.com
cafeappliances,us,1,https://www.cafeappliances.com/offers
cafeappliances,us,1,https://www.rakuten.com/shop/cafeappliances
cafeappliances,us,1,https://www.reddit.com/r/Appliances/comments/1c09gak/ge_cafe/
cafeappliances,us,1,https://price.com/stores/cafeappliances
cafeappliances,us,2,https://price.com/stores/cafeappliances
cafeappliances,us,2,https://www.cafeappliances.com/offers/express-yourself-appliance-rebate/
cafeappliances,us,2,https://www.savings.com/coupons/cafeappliances.com
cafeappliances,us,2,https://www.dontpayfull.com/at/cafeappliances.com
cafeappliances,us,2,https://shopping.mileageplus.com/me____.htm?gmid=7064
cafeappliances,us,2,https://www.cafeappliances.com/appliances/cafe-appliances-sale/?page=3
cafeappliances,us,2,https://cafe-appliances.tenereteam.com/coupons
cafeappliances,us,2,https://www.couponchief.com/myapstore
cafeappliances,us,2,https://www.cafeappliances.com/support/manuals-literature
cafeappliances,us,2,https://www.promocodes.com/cafeappliances-coupons
cafeappliances,us,1,https://www.cafeappliances.com/professional-discounts
cafeappliances,us,1,https://simplycodes.com/store/cafeappliances.com
cafeappliances,us,1,https://cafediscount.valuecom.com/
cafeappliances,us,1,https://www.cafeappliances.com/offers
cafeappliances,us,1,https://cafeappliances.worthepenny.com/coupon/
cafeappliances,us,1,https://www.cafeappliances.com/general-promotion-details
cafeappliances,us,1,https://www.retailmenot.com/view/cafeappliances.com
cafeappliances,us,1,https://www.rakuten.com/shop/cafeappliances
cafeappliances,us,1,https://www.cafeappliances.com/support/model-serial-finder
cafeappliances,us,1,https://www.cafeappliances.com/appliances/cafe-appliances-sale/?page=3
cafeappliances,us,2,https://price.com/stores/cafeappliances
cafeappliances,us,2,https://www.cafeappliances.com/offers/express-yourself-appliance-rebate/
cafeappliances,us,2,https://www.reddit.com/r/Appliances/comments/1c09gak/ge_cafe/
cafeappliances,us,2,https://www.savings.com/coupons/cafeappliances.com
cafeappliances,us,2,https://www.dontpayfull.com/at/cafeappliances.com
cafeappliances,us,2,https://shopping.mileageplus.com/me____.htm?gmid=7064
cafeappliances,us,2,https://cafe-appliances.tenereteam.com/coupons
cafeappliances,us,2,https://www.cafeappliances.com/appliances/cafe-appliances-sale/?page=3
cafeappliances,us,2,https://cafeappliances.ca/en_CA/offers
cafeappliances,us,2,https://www.cafeappliances.com/support/manuals-literature
cafeappliances,us,1,https://www.cafeappliances.com/professional-discounts
cafeappliances,us,1,https://cafediscount.valuecom.com/
cafeappliances,us,1,https://simplycodes.com/store/cafeappliances.com
cafeappliances,us,1,https://www.cafeappliances.com/general-promotion-details
cafeappliances,us,1,https://cafeappliances.worthepenny.com/coupon/
cafeappliances,us,1,https://www.retailmenot.com/view/cafeappliances.com
cafeappliances,us,1,https://www.cafeappliances.com/offers
cafeappliances,us,1,https://www.rakuten.com/shop/cafeappliances
cafeappliances,us,1,https://www.reddit.com/r/Appliances/comments/1c09gak/ge_cafe/
cafeappliances,us,1,https://price.com/stores/cafeappliances
cafeappliances,us,2,https://price.com/stores/cafeappliances
cafeappliances,us,2,https://www.cafeappliances.com/offers/express-yourself-appliance-rebate/
cafeappliances,us,2,https://www.savings.com/coupons/cafeappliances.com
cafeappliances,us,2,https://www.dontpayfull.com/at/cafeappliances.com
cafeappliances,us,2,https://shopping.mileageplus.com/me____.htm?gmid=7064
cafeappliances,us,2,https://www.cafeappliances.com/appliances/cafe-appliances-sale/?page=3
cafeappliances,us,2,https://cafe-appliances.tenereteam.com/coupons
cafeappliances,us,2,https://www.couponchief.com/myapstore
cafeappliances,us,2,https://www.cafeappliances.com/support/manuals-literature
cafeappliances,us,2,https://www.promocodes.com/cafeappliances-coupons
cafeappliances,us,1,https://www.cafeappliances.com/professional-discounts
cafeappliances,us,1,https://simplycodes.com/store/cafeappliances.com
cafeappliances,us,1,https://cafediscount.valuecom.com/
cafeappliances,us,1,https://www.cafeappliances.com/offers
cafeappliances,us,1,https://cafeappliances.worthepenny.com/coupon/
cafeappliances,us,1,https://www.cafeappliances.com/general-promotion-details
cafeappliances,us,1,https://www.retailmenot.com/view/cafeappliances.com
cafeappliances,us,1,https://www.rakuten.com/shop/cafeappliances
cafeappliances,us,1,https://www.cafeappliances.com/support/model-serial-finder
cafeappliances,us,1,https://www.cafeappliances.com/appliances/cafe-appliances-sale/?page=3
cafeappliances,us,2,https://price.com/stores/cafeappliances
cafeappliances,us,2,https://www.cafeappliances.com/offers/express-yourself-appliance-rebate/
cafeappliances,us,2,https://www.reddit.com/r/Appliances/comments/1c09gak/ge_cafe/
cafeappliances,us,2,https://www.savings.com/coupons/cafeappliances.com
cafeappliances,us,2,https://www.dontpayfull.com/at/cafeappliances.com
cafeappliances,us,2,https://shopping.mileageplus.com/me____.htm?gmid=7064
cafeappliances,us,2,https://cafe-appliances.tenereteam.com/coupons
cafeappliances,us,2,https://www.cafeappliances.com/appliances/cafe-appliances-sale/?page=3
cafeappliances,us,2,https://cafeappliances.ca/en_CA/offers
cafeappliances,us,2,https://www.cafeappliances.com/support/manuals-literature
dyson,us,1,https://www.wired.com/story/dyson-cordless-vacuum-promo-code/
dyson,us,1,https://couponfollow.com/site/dyson.com
dyson,us,1,https://www.rakuten.com/shop/dyson
dyson,us,1,https://mall.usaa.com/me____.htm?gmid=3350
dyson,us,1,https://www.reddit.com/r/Dysonairwrap/comments/1nhqaiy/dyson_website_and_the_discount_codes/
dyson,us,1,https://www.homesandgardens.com/coupons/dyson
dyson,us,1,https://www.paypal.com/shopping/store/dyson
dyson,us,1,https://www.dyson.com/owner-rewards/select-your-machine
dyson,us,1,https://www.marieclaire.com.au/discount-codes/dyson.com.au/
dyson,us,2,https://www.wethrift.com/dyson
dyson,us,2,https://www.techradar.com/coupons/dyson
dyson,us,2,https://www.facebook.com/fb-answers/dyson-coupon-codes/
dyson,us,2,https://www.groupon.com/coupons/dyson?srsltid=AfmBOopR1YnVb3y5mBp6aOyhqXyaja-4syQm81cfFxpZO8ysSKjasRTI
dyson,us,2,https://www.youtube.com/watch?v=2UwFMuv3PBw
dyson,us,2,https://www.latimes.com/deals/story/dyson-promo-code
dyson,us,2,https://www.retailmenot.com/view/dyson.com
dyson,us,2,https://shop.id.me/stores/4035-dyson
dyson,us,2,https://dyson.promocode.ninja/
dyson,us,2,https://www.forbes.com/sites/forbes-personal-shopper/article/dyson-coupons/
dyson,us,1,https://couponfollow.com/site/dyson.com
dyson,us,1,https://www.wired.com/story/dyson-cordless-vacuum-promo-code/
dyson,us,1,https://www.reddit.com/r/Dysonairwrap/comments/1nhqaiy/dyson_website_and_the_discount_codes/
dyson,us,1,https://www.myunidays.com/AU/en-AU/partners/dyson/view
dyson,us,1,https://www.dyson.com/owner-rewards/select-your-machine
dyson,us,1,https://www.paypal.com/shopping/store/dyson
dyson,us,1,https://www.rakuten.com/shop/dyson
dyson,us,1,https://mall.usaa.com/me____.htm?gmid=3350
dyson,us,1,https://www.marieclaire.com.au/discount-codes/dyson.com.au/
dyson,us,2,https://www.wethrift.com/dyson
dyson,us,2,https://www.techradar.com/coupons/dyson
dyson,us,2,https://shop.id.me/stores/4035-dyson
dyson,us,2,https://www.latimes.com/deals/story/dyson-promo-code
dyson,us,2,https://www.retailmenot.com/view/dyson.com
dyson,us,2,https://www.the-independent.com/deals/dyson-discount-code-b2700880.html
dyson,us,2,https://www.groupon.com/coupons/dyson?srsltid=AfmBOopX4LJPxSm3VIvSnmouFu8K0a1ulLB883sQAno-DqboTy5Xxfm5
dyson,us,2,https://www.youtube.com/watch?v=vbDTN4nKBYI&vl=en-US
dyson,us,2,https://www.whowhatwear.com/promo-codes/dyson
dyson,us,2,https://www.usatoday.com/deals/dyson
nike,us,1,https://www.nike.com/promo-code
nike,us,1,https://www.groupon.com/coupons/nike?srsltid=AfmBOooEBzcN5xN0lUn6QULn7M8L2m-uMeFaf_bGhpQ6pBHACl-bCSsp
nike,us,1,https://simplycodes.com/store/nike.com
nike,us,1,https://www.reddit.com/r/SpendLess/comments/1tgh3va/every_nikecom_promo_code_you_can_try_on_checkout/
nike,us,1,https://www.nike.com/help/a/teacher-discount
nike,us,1,https://www.nike.com/w/member-sale-2-9t7gt
nike,us,1,https://www.wethrift.com/codes/nike.com
nike,us,1,https://www.facebook.com/groups/nikediscount/
nike,us,1,https://www.rakuten.com/shop/nike
nike,us,2,https://www.cntraveler.com/story/nike-promo-code
nike,us,2,https://www.wired.com/story/nike-promo-code/
nike,us,2,https://couponfollow.com/site/nike.com
nike,us,2,https://www.nike.com/help/a/promo-apply
nike,us,2,https://www.studentbeans.com/student-discount/us/nike
nike,us,2,https://www.youtube.com/watch?v=MbRTo_EcwJs
nike,us,2,https://shop.sheerid.com/offers/nike-10-off-for-students-first-responders-military-teachers-and-medical-professionals/
nike,us,2,https://nike.worthepenny.com/coupon/
nike,us,2,https://www.usatoday.com/deals/nike
nike,us,2,https://shop.id.me/stores/2313-nike
nike,us,1,https://www.nike.com/promo-code
nike,us,1,https://www.groupon.com/coupons/nike?srsltid=AfmBOor_4aZboI6LQNn2GP-u9PZl_CvSt5P9qo9E7veOo3KX5QT1ng4k
nike,us,1,https://www.nike.com/help/a/student-discount
nike,us,1,https://www.reddit.com/r/SpendLess/comments/1tgh3va/every_nikecom_promo_code_you_can_try_on_checkout/
nike,us,1,https://www.wired.com/story/nike-promo-code/
nike,us,1,https://www.rakuten.com/shop/nike
nike,us,1,https://www.nike.com/w/member-sale-2-9t7gt
nike,us,1,https://www.facebook.com/groups/nikediscount/
nike,us,1,https://www.studentbeans.com/student-discount/us/nike
nike,us,2,https://www.wethrift.com/codes/nike.com
nike,us,2,https://www.myunidays.com/GB/en-GB/partners/nike/view
nike,us,2,https://www.cntraveler.com/story/nike-promo-code
nike,us,2,https://www.garagegymreviews.com/nike-promo-code
nike,us,2,https://www.nike.com/help/a/promo-apply
nike,us,2,https://www.youtube.com/watch?v=MbRTo_EcwJs
nike,us,2,https://niketalk.com/threads/current-coupon-codes-requests-or-s-warning.146443/
nike,us,2,https://www.marieclaire.co.uk/vouchers/nike.com
nike,us,2,https://www.nike.com/help/a/product-discount
nike,us,2,https://simplycodes.com/store/nike.com
cafeappliances,us,1,https://www.cafeappliances.com/professional-discounts
cafeappliances,us,1,https://cafediscount.valuecom.com/
cafeappliances,us,1,https://simplycodes.com/store/cafeappliances.com
cafeappliances,us,1,https://www.cafeappliances.com/general-promotion-details
cafeappliances,us,1,https://cafeappliances.worthepenny.com/coupon/
cafeappliances,us,1,https://www.retailmenot.com/view/cafeappliances.com
cafeappliances,us,1,https://www.cafeappliances.com/offers
cafeappliances,us,1,https://www.rakuten.com/shop/cafeappliances
cafeappliances,us,1,https://www.reddit.com/r/Appliances/comments/1c09gak/ge_cafe/
cafeappliances,us,1,https://price.com/stores/cafeappliances
cafeappliances,us,2,https://price.com/stores/cafeappliances
cafeappliances,us,2,https://www.cafeappliances.com/offers/express-yourself-appliance-rebate/
cafeappliances,us,2,https://www.savings.com/coupons/cafeappliances.com
cafeappliances,us,2,https://www.dontpayfull.com/at/cafeappliances.com
cafeappliances,us,2,https://shopping.mileageplus.com/me____.htm?gmid=7064
cafeappliances,us,2,https://www.cafeappliances.com/appliances/cafe-appliances-sale/?page=3
cafeappliances,us,2,https://cafe-appliances.tenereteam.com/coupons
cafeappliances,us,2,https://www.cafeappliances.com/support/manuals-literature
cafeappliances,us,2,https://www.groupon.com/coupons/categories/appliances?srsltid=AfmBOoqy8TDZy0w2wp4PnlDIbzkSJzz0nI-dQmBqysHcYWKbrIM4tloO
cafeappliances,us,2,https://cafeappliances.ca/en_CA/offers
cafeappliances,us,1,https://www.cafeappliances.com/professional-discounts
cafeappliances,us,1,https://simplycodes.com/store/cafeappliances.com
cafeappliances,us,1,https://cafediscount.valuecom.com/
cafeappliances,us,1,https://www.cafeappliances.com/offers
cafeappliances,us,1,https://cafeappliances.worthepenny.com/coupon/
cafeappliances,us,1,https://www.cafeappliances.com/general-promotion-details
cafeappliances,us,1,https://www.retailmenot.com/view/cafeappliances.com
cafeappliances,us,1,https://www.rakuten.com/shop/cafeappliances
cafeappliances,us,1,https://www.savings.com/coupons/cafeappliances.com
cafeappliances,us,1,https://price.com/stores/cafeappliances
cafeappliances,us,2,https://price.com/stores/cafeappliances
cafeappliances,us,2,https://www.cafeappliances.com/offers/express-yourself-appliance-rebate/
cafeappliances,us,2,https://www.reddit.com/r/Appliances/comments/1c09gak/ge_cafe/
cafeappliances,us,2,https://www.dontpayfull.com/at/cafeappliances.com
cafeappliances,us,2,https://www.cafeappliances.com/support/model-serial-finder
cafeappliances,us,2,https://shopping.mileageplus.com/me____.htm?gmid=7064
cafeappliances,us,2,https://cafe-appliances.tenereteam.com/coupons
cafeappliances,us,2,https://www.cafeappliances.com/appliances/cafe-appliances-sale/?page=3
cafeappliances,us,2,https://cafeappliances.ca/en_CA/offers
cafeappliances,us,2,https://www.hancinema.net/deals/cafe-appliances
dyson,us,1,https://www.wired.com/story/dyson-cordless-vacuum-promo-code/
dyson,us,1,https://couponfollow.com/site/dyson.com
dyson,us,1,https://www.rakuten.com/shop/dyson
dyson,us,1,https://mall.usaa.com/me____.htm?gmid=3350
dyson,us,1,https://www.reddit.com/r/Dysonairwrap/comments/1nhqaiy/dyson_website_and_the_discount_codes/
dyson,us,1,https://www.homesandgardens.com/coupons/dyson
dyson,us,1,https://www.paypal.com/shopping/store/dyson
dyson,us,1,https://www.dyson.com/owner-rewards/select-your-machine
dyson,us,1,https://www.marieclaire.com.au/discount-codes/dyson.com.au/
dyson,us,2,https://www.wethrift.com/dyson
dyson,us,2,https://www.techradar.com/coupons/dyson
dyson,us,2,https://www.youtube.com/watch?v=2UwFMuv3PBw
dyson,us,2,https://www.groupon.com/coupons/dyson?srsltid=AfmBOoodeHz6hOW2elSpZ2ljmhnRM0UR6pQy6_co0N9NZZWT42yw8g9r
dyson,us,2,https://www.latimes.com/deals/story/dyson-promo-code
dyson,us,2,https://shop.id.me/stores/4035-dyson
dyson,us,2,https://www.dyson.com/deals
dyson,us,2,https://www.retailmenot.com/view/dyson.com
dyson,us,2,https://dyson.promocode.ninja/
dyson,us,2,https://www.usatoday.com/deals/dyson
dyson,us,1,https://couponfollow.com/site/dyson.com
dyson,us,1,https://www.wired.com/story/dyson-cordless-vacuum-promo-code/
dyson,us,1,https://www.reddit.com/r/Dysonairwrap/comments/1nhqaiy/dyson_website_and_the_discount_codes/
dyson,us,1,https://www.myunidays.com/AU/en-AU/partners/dyson/view
dyson,us,1,https://www.dyson.com/owner-rewards/select-your-machine
dyson,us,1,https://www.paypal.com/shopping/store/dyson
dyson,us,1,https://www.rakuten.com/shop/dyson
dyson,us,1,https://mall.usaa.com/me____.htm?gmid=3350
dyson,us,1,https://www.marieclaire.com.au/discount-codes/dyson.com.au/
dyson,us,2,https://www.wethrift.com/dyson
dyson,us,2,https://www.techradar.com/coupons/dyson
dyson,us,2,https://shop.id.me/stores/4035-dyson
dyson,us,2,https://www.latimes.com/deals/story/dyson-promo-code
dyson,us,2,https://www.retailmenot.com/view/dyson.com
dyson,us,2,https://www.the-independent.com/deals/dyson-discount-code-b2700880.html
dyson,us,2,https://www.groupon.com/coupons/dyson?srsltid=AfmBOortR3OKQRVCQoA_lb9eeYIIrETtOqEeg2yLHk4F3YvVtie5nJmQ
dyson,us,2,https://www.youtube.com/watch?v=vbDTN4nKBYI&vl=en-US
dyson,us,2,https://www.whowhatwear.com/promo-codes/dyson
dyson,us,2,https://www.usatoday.com/deals/dyson
cafeappliances,us,1,https://www.cafeappliances.com/professional-discounts
cafeappliances,us,1,https://cafediscount.valuecom.com/
cafeappliances,us,1,https://simplycodes.com/store/cafeappliances.com
cafeappliances,us,1,https://www.cafeappliances.com/general-promotion-details
cafeappliances,us,1,https://cafeappliances.worthepenny.com/coupon/
cafeappliances,us,1,https://www.retailmenot.com/view/cafeappliances.com
cafeappliances,us,1,https://www.cafeappliances.com/offers
cafeappliances,us,1,https://www.rakuten.com/shop/cafeappliances
cafeappliances,us,1,https://www.reddit.com/r/Appliances/comments/1c09gak/ge_cafe/
cafeappliances,us,1,https://price.com/stores/cafeappliances
cafeappliances,us,2,https://price.com/stores/cafeappliances
cafeappliances,us,2,https://www.cafeappliances.com/offers/express-yourself-appliance-rebate/
cafeappliances,us,2,https://www.savings.com/coupons/cafeappliances.com
cafeappliances,us,2,https://www.dontpayfull.com/at/cafeappliances.com
cafeappliances,us,2,https://shopping.mileageplus.com/me____.htm?gmid=7064
cafeappliances,us,2,https://www.cafeappliances.com/appliances/cafe-appliances-sale/?page=3
cafeappliances,us,2,https://cafe-appliances.tenereteam.com/coupons
cafeappliances,us,2,https://www.couponchief.com/myapstore
cafeappliances,us,2,https://www.cafeappliances.com/support/manuals-literature
cafeappliances,us,2,https://www.promocodes.com/cafeappliances-coupons
cafeappliances,us,1,https://www.cafeappliances.com/professional-discounts
cafeappliances,us,1,https://simplycodes.com/store/cafeappliances.com
cafeappliances,us,1,https://cafediscount.valuecom.com/
cafeappliances,us,1,https://www.cafeappliances.com/offers
cafeappliances,us,1,https://cafeappliances.worthepenny.com/coupon/
cafeappliances,us,1,https://www.cafeappliances.com/general-promotion-details
cafeappliances,us,1,https://www.retailmenot.com/view/cafeappliances.com
cafeappliances,us,1,https://www.rakuten.com/shop/cafeappliances
cafeappliances,us,1,https://www.cafeappliances.com/support/model-serial-finder
cafeappliances,us,1,https://price.com/stores/cafeappliances
cafeappliances,us,2,https://price.com/stores/cafeappliances
cafeappliances,us,2,https://www.cafeappliances.com/offers/express-yourself-appliance-rebate/
cafeappliances,us,2,https://www.reddit.com/r/Appliances/comments/1c09gak/ge_cafe/
cafeappliances,us,2,https://www.savings.com/coupons/cafeappliances.com
cafeappliances,us,2,https://www.dontpayfull.com/at/cafeappliances.com
cafeappliances,us,2,https://shopping.mileageplus.com/me____.htm?gmid=7064
cafeappliances,us,2,https://cafe-appliances.tenereteam.com/coupons
cafeappliances,us,2,https://www.cafeappliances.com/appliances/cafe-appliances-sale/?page=3
cafeappliances,us,2,https://cafeappliances.ca/en_CA/offers
cafeappliances,us,2,https://www.hancinema.net/deals/cafe-appliances
dyson,us,1,https://www.wired.com/story/dyson-cordless-vacuum-promo-code/
dyson,us,1,https://couponfollow.com/site/dyson.com
dyson,us,1,https://www.rakuten.com/shop/dyson
dyson,us,1,https://mall.usaa.com/me____.htm?gmid=3350
dyson,us,1,https://www.reddit.com/r/Dysonairwrap/comments/1nhqaiy/dyson_website_and_the_discount_codes/
dyson,us,1,https://www.homesandgardens.com/coupons/dyson
dyson,us,1,https://www.dyson.com/owner-rewards/select-your-machine
dyson,us,1,https://www.paypal.com/shopping/store/dyson
dyson,us,1,https://www.marieclaire.com.au/discount-codes/dyson.com.au/
dyson,us,2,https://www.wethrift.com/dyson
dyson,us,2,https://www.techradar.com/coupons/dyson
dyson,us,2,https://www.youtube.com/watch?v=2UwFMuv3PBw
dyson,us,2,https://www.groupon.com/coupons/dyson?srsltid=AfmBOorUi7pP5a7ytm4Dmy7aLec-ti0Xn6OBVkUG-uiP9CmZg0VyKPQC
dyson,us,2,https://www.latimes.com/deals/story/dyson-promo-code
dyson,us,2,https://shop.id.me/stores/4035-dyson
dyson,us,2,https://www.dyson.com/deals
dyson,us,2,https://www.retailmenot.com/view/dyson.com
dyson,us,2,https://dyson.promocode.ninja/
dyson,us,2,https://www.usatoday.com/deals/dyson
dyson,us,1,https://couponfollow.com/site/dyson.com
dyson,us,1,https://www.wired.com/story/dyson-cordless-vacuum-promo-code/
dyson,us,1,https://www.reddit.com/r/Dysonairwrap/comments/1nhqaiy/dyson_website_and_the_discount_codes/
dyson,us,1,https://www.myunidays.com/AU/en-AU/partners/dyson/view
dyson,us,1,https://www.dyson.com/owner-rewards/select-your-machine
dyson,us,1,https://www.paypal.com/shopping/store/dyson
dyson,us,1,https://www.rakuten.com/shop/dyson
dyson,us,1,https://mall.usaa.com/me____.htm?gmid=3350
dyson,us,1,https://www.marieclaire.com.au/discount-codes/dyson.com.au/
dyson,us,2,https://www.wethrift.com/dyson
dyson,us,2,https://www.techradar.com/coupons/dyson
dyson,us,2,https://shop.id.me/stores/4035-dyson
dyson,us,2,https://www.latimes.com/deals/story/dyson-promo-code
dyson,us,2,https://www.retailmenot.com/view/dyson.com
dyson,us,2,https://www.the-independent.com/deals/dyson-discount-code-b2700880.html
dyson,us,2,https://www.groupon.com/coupons/dyson?srsltid=AfmBOoqjb3m_jOctwnE6aduqG1YbTuc_TvKdHXwaQPDkM2a3TyK4s2ov
dyson,us,2,https://www.youtube.com/watch?v=vbDTN4nKBYI&vl=en-US
dyson,us,2,https://www.whowhatwear.com/promo-codes/dyson
dyson,us,2,https://www.usatoday.com/deals/dyson
cafeappliances,us,1,https://www.cafeappliances.com/professional-discounts
cafeappliances,us,1,https://cafediscount.valuecom.com/
cafeappliances,us,1,https://simplycodes.com/store/cafeappliances.com
cafeappliances,us,1,https://www.cafeappliances.com/general-promotion-details
cafeappliances,us,1,https://cafeappliances.worthepenny.com/coupon/
cafeappliances,us,1,https://www.retailmenot.com/view/cafeappliances.com
cafeappliances,us,1,https://www.cafeappliances.com/offers
cafeappliances,us,1,https://www.rakuten.com/shop/cafeappliances
cafeappliances,us,1,https://www.reddit.com/r/Appliances/comments/1c09gak/ge_cafe/
cafeappliances,us,1,https://price.com/stores/cafeappliances
cafeappliances,us,2,https://price.com/stores/cafeappliances
cafeappliances,us,2,https://www.cafeappliances.com/offers/express-yourself-appliance-rebate/
cafeappliances,us,2,https://www.savings.com/coupons/cafeappliances.com
cafeappliances,us,2,https://www.dontpayfull.com/at/cafeappliances.com
cafeappliances,us,2,https://shopping.mileageplus.com/me____.htm?gmid=7064
cafeappliances,us,2,https://www.cafeappliances.com/appliances/cafe-appliances-sale/?page=3
cafeappliances,us,2,https://cafe-appliances.tenereteam.com/coupons
cafeappliances,us,2,https://www.cafeappliances.com/support/manuals-literature
cafeappliances,us,2,https://www.groupon.com/coupons/categories/appliances?srsltid=AfmBOorSxraUzWWpysCzGM-iV9Rs3jnb1KvuUNorMw3HrD1YRpeXUKe0
cafeappliances,us,2,https://cafeappliances.ca/en_CA/offers
cafeappliances,us,1,https://www.cafeappliances.com/professional-discounts
cafeappliances,us,1,https://simplycodes.com/store/cafeappliances.com
cafeappliances,us,1,https://cafediscount.valuecom.com/
cafeappliances,us,1,https://www.cafeappliances.com/offers
cafeappliances,us,1,https://cafeappliances.worthepenny.com/coupon/
cafeappliances,us,1,https://www.cafeappliances.com/general-promotion-details
cafeappliances,us,1,https://www.retailmenot.com/view/cafeappliances.com
cafeappliances,us,1,https://www.rakuten.com/shop/cafeappliances
cafeappliances,us,1,https://www.cafeappliances.com/support/model-serial-finder
cafeappliances,us,1,https://price.com/stores/cafeappliances
cafeappliances,us,2,https://price.com/stores/cafeappliances
cafeappliances,us,2,https://www.cafeappliances.com/offers/express-yourself-appliance-rebate/
cafeappliances,us,2,https://www.reddit.com/r/Appliances/comments/1c09gak/ge_cafe/
cafeappliances,us,2,https://www.savings.com/coupons/cafeappliances.com
cafeappliances,us,2,https://www.dontpayfull.com/at/cafeappliances.com
cafeappliances,us,2,https://shopping.mileageplus.com/me____.htm?gmid=7064
cafeappliances,us,2,https://cafe-appliances.tenereteam.com/coupons
cafeappliances,us,2,https://www.cafeappliances.com/appliances/cafe-appliances-sale/?page=3
cafeappliances,us,2,https://cafeappliances.ca/en_CA/offers
cafeappliances,us,2,https://www.hancinema.net/deals/cafe-appliances
dyson,us,1,https://www.wired.com/story/dyson-cordless-vacuum-promo-code/
dyson,us,1,https://couponfollow.com/site/dyson.com
dyson,us,1,https://www.rakuten.com/shop/dyson
dyson,us,1,https://mall.usaa.com/me____.htm?gmid=3350
dyson,us,1,https://www.reddit.com/r/Dysonairwrap/comments/1nhqaiy/dyson_website_and_the_discount_codes/
dyson,us,1,https://www.paypal.com/shopping/store/dyson
dyson,us,1,https://www.homesandgardens.com/coupons/dyson
dyson,us,1,https://www.dyson.com/owner-rewards/select-your-machine
dyson,us,1,https://www.marieclaire.com.au/discount-codes/dyson.com.au/
dyson,us,2,https://www.wethrift.com/dyson
dyson,us,2,https://www.facebook.com/fb-answers/dyson-coupon-codes/
dyson,us,2,https://www.paypal.com/shopping/store/dyson
dyson,us,2,https://www.techradar.com/coupons/dyson
dyson,us,2,https://www.youtube.com/watch?v=2UwFMuv3PBw
dyson,us,2,https://shop.id.me/stores/4035-dyson
dyson,us,2,https://www.latimes.com/deals/story/dyson-promo-code
dyson,us,2,https://www.retailmenot.com/view/dyson.com
dyson,us,2,https://www.dyson.com/deals
dyson,us,2,https://www.usatoday.com/deals/dyson
dyson,us,1,https://couponfollow.com/site/dyson.com
dyson,us,1,https://www.wired.com/story/dyson-cordless-vacuum-promo-code/
dyson,us,1,https://www.reddit.com/r/Dysonairwrap/comments/1nhqaiy/dyson_website_and_the_discount_codes/
dyson,us,1,https://www.myunidays.com/AU/en-AU/partners/dyson/view
dyson,us,1,https://www.dyson.com/owner-rewards/select-your-machine
dyson,us,1,https://www.paypal.com/shopping/store/dyson
dyson,us,1,https://www.rakuten.com/shop/dyson
dyson,us,1,https://mall.usaa.com/me____.htm?gmid=3350
dyson,us,1,https://www.marieclaire.com.au/discount-codes/dyson.com.au/
dyson,us,2,https://www.wethrift.com/dyson
dyson,us,2,https://www.techradar.com/coupons/dyson
dyson,us,2,https://shop.id.me/stores/4035-dyson
dyson,us,2,https://www.latimes.com/deals/story/dyson-promo-code
dyson,us,2,https://www.retailmenot.com/view/dyson.com
dyson,us,2,https://www.the-independent.com/deals/dyson-discount-code-b2700880.html
dyson,us,2,https://www.groupon.com/coupons/dyson?srsltid=AfmBOootzYAm7xTAzhJyUX9BrtbLl_MtTBdVecm2worpXmRfgS7PzVjQ
dyson,us,2,https://www.youtube.com/watch?v=vbDTN4nKBYI&vl=en-US
dyson,us,2,https://www.whowhatwear.com/promo-codes/dyson
dyson,us,2,https://www.usatoday.com/deals/dyson
nike,us,1,https://www.nike.com/promo-code
nike,us,1,https://www.groupon.com/coupons/nike?srsltid=AfmBOooPHHY51i8TwiUvonIJgc89iB_e4mR2Hq9OKNjWb4enf9N2fN8L
nike,us,1,https://simplycodes.com/store/nike.com
nike,us,1,https://www.reddit.com/r/SpendLess/comments/1tgh3va/every_nikecom_promo_code_you_can_try_on_checkout/
nike,us,1,https://www.nike.com/help/a/teacher-discount
nike,us,1,https://www.nike.com/w/member-sale-2-9t7gt
nike,us,1,https://www.wethrift.com/codes/nike.com
nike,us,1,https://www.facebook.com/groups/nikediscount/
nike,us,1,https://www.rakuten.com/shop/nike
nike,us,2,https://www.cntraveler.com/story/nike-promo-code
nike,us,2,https://www.wired.com/story/nike-promo-code/
nike,us,2,https://couponfollow.com/site/nike.com
nike,us,2,https://www.nike.com/help/a/promo-apply
nike,us,2,https://www.studentbeans.com/student-discount/us/nike
nike,us,2,https://www.youtube.com/watch?v=MbRTo_EcwJs
nike,us,2,https://shop.sheerid.com/offers/nike-10-off-for-students-first-responders-military-teachers-and-medical-professionals/
nike,us,2,https://nike.worthepenny.com/coupon/
nike,us,2,https://www.usatoday.com/deals/nike
nike,us,2,https://shop.id.me/stores/2313-nike
nike,us,1,https://www.nike.com/promo-code
nike,us,1,https://www.groupon.com/coupons/nike?srsltid=AfmBOoodT0WEpIhNkpMf4sz0fK_CHOZ3gGa9a9AX0dUFmp2Z9Pm_R8L2
nike,us,1,https://www.nike.com/help/a/student-discount
nike,us,1,https://www.reddit.com/r/SpendLess/comments/1tgh3va/every_nikecom_promo_code_you_can_try_on_checkout/
nike,us,1,https://www.wired.com/story/nike-promo-code/
nike,us,1,https://www.rakuten.com/shop/nike
nike,us,1,https://www.nike.com/w/member-sale-2-9t7gt
nike,us,1,https://www.facebook.com/groups/nikediscount/
nike,us,1,https://www.cntraveler.com/story/nike-promo-code
nike,us,2,https://www.studentbeans.com/student-discount/us/nike
nike,us,2,https://www.wethrift.com/codes/nike.com
nike,us,2,https://www.myunidays.com/GB/en-GB/partners/nike/view
nike,us,2,https://www.garagegymreviews.com/nike-promo-code
nike,us,2,https://www.nike.com/help/a/promo-apply
nike,us,2,https://www.youtube.com/watch?v=MbRTo_EcwJs
nike,us,2,https://niketalk.com/threads/current-coupon-codes-requests-or-s-warning.146443/
nike,us,2,https://www.marieclaire.com/coupons/nike.com
nike,us,2,https://www.nike.com/help/a/product-discount
nike,us,2,https://simplycodes.com/store/nike.com
cafeappliances,us,1,https://www.cafeappliances.com/professional-discounts
cafeappliances,us,1,https://cafediscount.valuecom.com/
cafeappliances,us,1,https://simplycodes.com/store/cafeappliances.com
cafeappliances,us,1,https://www.cafeappliances.com/general-promotion-details
cafeappliances,us,1,https://cafeappliances.worthepenny.com/coupon/
cafeappliances,us,1,https://www.retailmenot.com/view/cafeappliances.com
cafeappliances,us,1,https://www.cafeappliances.com/offers
cafeappliances,us,1,https://www.rakuten.com/shop/cafeappliances
cafeappliances,us,1,https://www.reddit.com/r/Appliances/comments/1c09gak/ge_cafe/
cafeappliances,us,1,https://price.com/stores/cafeappliances
cafeappliances,us,2,https://price.com/stores/cafeappliances
cafeappliances,us,2,https://www.cafeappliances.com/offers/express-yourself-appliance-rebate/
cafeappliances,us,2,https://www.savings.com/coupons/cafeappliances.com
cafeappliances,us,2,https://www.dontpayfull.com/at/cafeappliances.com
cafeappliances,us,2,https://shopping.mileageplus.com/me____.htm?gmid=7064
cafeappliances,us,2,https://www.cafeappliances.com/appliances/cafe-appliances-sale/?page=3
cafeappliances,us,2,https://cafe-appliances.tenereteam.com/coupons
cafeappliances,us,2,https://www.couponchief.com/myapstore
cafeappliances,us,2,https://www.cafeappliances.com/support/manuals-literature
cafeappliances,us,2,https://www.promocodes.com/cafeappliances-coupons
cafeappliances,us,1,https://www.cafeappliances.com/professional-discounts
cafeappliances,us,1,https://simplycodes.com/store/cafeappliances.com
cafeappliances,us,1,https://cafediscount.valuecom.com/
cafeappliances,us,1,https://www.cafeappliances.com/offers
cafeappliances,us,1,https://cafeappliances.worthepenny.com/coupon/
cafeappliances,us,1,https://www.cafeappliances.com/general-promotion-details
cafeappliances,us,1,https://www.retailmenot.com/view/cafeappliances.com
cafeappliances,us,1,https://www.rakuten.com/shop/cafeappliances
cafeappliances,us,1,https://www.cafeappliances.com/support/model-serial-finder
cafeappliances,us,1,https://price.com/stores/cafeappliances
cafeappliances,us,2,https://price.com/stores/cafeappliances
cafeappliances,us,2,https://www.cafeappliances.com/offers/express-yourself-appliance-rebate/
cafeappliances,us,2,https://www.reddit.com/r/Appliances/comments/1c09gak/ge_cafe/
cafeappliances,us,2,https://www.savings.com/coupons/cafeappliances.com
cafeappliances,us,2,https://www.dontpayfull.com/at/cafeappliances.com
cafeappliances,us,2,https://shopping.mileageplus.com/me____.htm?gmid=7064
cafeappliances,us,2,https://cafe-appliances.tenereteam.com/coupons
cafeappliances,us,2,https://www.cafeappliances.com/appliances/cafe-appliances-sale/?page=3
cafeappliances,us,2,https://cafeappliances.ca/en_CA/offers
cafeappliances,us,2,https://www.hancinema.net/deals/cafe-appliances
dyson,us,1,https://www.wired.com/story/dyson-cordless-vacuum-promo-code/
dyson,us,1,https://couponfollow.com/site/dyson.com
dyson,us,1,https://www.rakuten.com/shop/dyson
dyson,us,1,https://mall.usaa.com/me____.htm?gmid=3350
dyson,us,1,https://www.reddit.com/r/Dysonairwrap/comments/1nhqaiy/dyson_website_and_the_discount_codes/
dyson,us,1,https://www.paypal.com/shopping/store/dyson
dyson,us,1,https://www.homesandgardens.com/coupons/dyson
dyson,us,1,https://www.dyson.com/owner-rewards/select-your-machine
dyson,us,1,https://www.marieclaire.com.au/discount-codes/dyson.com.au/
dyson,us,2,https://www.wethrift.com/dyson
dyson,us,2,https://www.facebook.com/fb-answers/dyson-coupon-codes/
dyson,us,2,https://www.groupon.com/coupons/dyson?srsltid=AfmBOopD5Mti5NZDBuaQjz2Q6j31p3yf12eR_lhecoPdP9xXo3sERoXc
dyson,us,2,https://www.techradar.com/coupons/dyson
dyson,us,2,https://www.youtube.com/watch?v=2UwFMuv3PBw
dyson,us,2,https://www.latimes.com/deals/story/dyson-promo-code
dyson,us,2,https://www.retailmenot.com/view/dyson.com
dyson,us,2,https://shop.id.me/stores/4035-dyson
dyson,us,2,https://dyson.promocode.ninja/
dyson,us,2,https://www.forbes.com/sites/forbes-personal-shopper/article/dyson-coupons/
dyson,us,1,https://couponfollow.com/site/dyson.com
dyson,us,1,https://www.wired.com/story/dyson-cordless-vacuum-promo-code/
dyson,us,1,https://www.reddit.com/r/Dysonairwrap/comments/1nhqaiy/dyson_website_and_the_discount_codes/
dyson,us,1,https://www.myunidays.com/AU/en-AU/partners/dyson/view
dyson,us,1,https://www.dyson.com/owner-rewards/select-your-machine
dyson,us,1,https://www.paypal.com/shopping/store/dyson
dyson,us,1,https://shop.id.me/stores/4035-dyson
dyson,us,1,https://www.rakuten.com/shop/dyson
dyson,us,1,https://www.marieclaire.com.au/discount-codes/dyson.com.au/
dyson,us,2,https://www.trackalacker.com/retailers/dyson/coupons
dyson,us,2,https://www.wethrift.com/dyson
dyson,us,2,https://www.latimes.com/deals/story/dyson-promo-code
dyson,us,2,https://www.techradar.com/coupons/dyson
dyson,us,2,https://rapidrewardsshopping.southwest.com/me____.htm?gmid=3350
dyson,us,2,https://www.groupon.com/coupons/dyson?srsltid=AfmBOoq_8nLGHqW5b5vPEMa0oyqliBIy7ndYyxEMMp1KQiZJFlggQBJ8
dyson,us,2,https://www.the-independent.com/deals/dyson-discount-code-b2700880.html
dyson,us,2,https://www.retailmenot.com/view/dyson.com
dyson,us,2,https://www.youtube.com/watch?v=vbDTN4nKBYI&vl=en-US
dyson,us,2,https://www.whowhatwear.com/promo-codes/dyson
nike,us,1,https://www.nike.com/promo-code
nike,us,1,https://www.groupon.com/coupons/nike?srsltid=AfmBOor_v135YWCcxrcZJFNR3-UVoKpALb7ICVWnAxrgZ2O3u6EXN4Vz
nike,us,1,https://simplycodes.com/store/nike.com
nike,us,1,https://www.reddit.com/r/SpendLess/comments/1tgh3va/every_nikecom_promo_code_you_can_try_on_checkout/
nike,us,1,https://www.nike.com/help/a/teacher-discount
nike,us,1,https://www.nike.com/w/member-sale-2-9t7gt
nike,us,1,https://www.wethrift.com/codes/nike.com
nike,us,1,https://www.facebook.com/groups/nikediscount/
nike,us,1,https://www.rakuten.com/shop/nike
nike,us,2,https://www.cntraveler.com/story/nike-promo-code
nike,us,2,https://www.wired.com/story/nike-promo-code/
nike,us,2,https://couponfollow.com/site/nike.com
nike,us,2,https://www.nike.com/help/a/promo-apply
nike,us,2,https://www.studentbeans.com/student-discount/us/nike
nike,us,2,https://www.youtube.com/watch?v=MbRTo_EcwJs
nike,us,2,https://shop.sheerid.com/offers/nike-10-off-for-students-first-responders-military-teachers-and-medical-professionals/
nike,us,2,https://nike.worthepenny.com/coupon/
nike,us,2,https://www.usatoday.com/deals/nike
nike,us,2,https://shop.id.me/stores/2313-nike
nike,us,1,https://www.nike.com/promo-code
nike,us,1,https://www.groupon.com/coupons/nike?srsltid=AfmBOorHz8vxOFB3XzzpaSAc8pd1_C4SryIUMYIejkr4SXIivMRKVrt1
nike,us,1,https://www.nike.com/help/a/student-discount
nike,us,1,https://www.reddit.com/r/SpendLess/comments/1tgh3va/every_nikecom_promo_code_you_can_try_on_checkout/
nike,us,1,https://www.wired.com/story/nike-promo-code/
nike,us,1,https://www.rakuten.com/shop/nike
nike,us,1,https://www.nike.com/w/member-sale-2-9t7gt
nike,us,1,https://www.facebook.com/groups/nikediscount/
nike,us,1,https://www.cntraveler.com/story/nike-promo-code
nike,us,2,https://www.studentbeans.com/student-discount/us/nike
nike,us,2,https://www.wethrift.com/codes/nike.com
nike,us,2,https://www.myunidays.com/GB/en-GB/partners/nike/view
nike,us,2,https://www.garagegymreviews.com/nike-promo-code
nike,us,2,https://www.nike.com/help/a/promo-apply
nike,us,2,https://www.youtube.com/watch?v=MbRTo_EcwJs
nike,us,2,https://niketalk.com/threads/current-coupon-codes-requests-or-s-warning.146443/
nike,us,2,https://www.amazon.com/s?srs=119088564011&rh=p_n_deal_type%3A23566065011
nike,us,2,https://www.marieclaire.com/coupons/nike.com
nike,us,2,https://www.nike.com/help/a/product-discount
